career,description
Data Scientist,Works with data analysis machine learning statistics and logical problem solving to extract meaningful insights from large datasets.
Machine Learning Engineer,Builds deploys and optimizes machine learning models and data pipelines for intelligent systems.
AI Engineer,Develops artificial intelligence solutions deep learning systems and intelligent automation applications.
Software Engineer,Designs develops and maintains software systems applications and scalable solutions using programming skills.
Backend Developer,Builds server side logic APIs databases and scalable system architectures requiring logical thinking.
Frontend Developer,Creates interactive user interfaces focusing on usability design and responsive web applications.
Full Stack Developer,Works on both frontend and backend systems requiring flexibility and broad technical expertise.
DevOps Engineer,Automates deployment pipelines infrastructure monitoring and continuous integration systems.
Cloud Engineer,Designs and manages cloud infrastructure services scalability and distributed computing environments.
Cybersecurity Analyst,Protects digital systems by analyzing vulnerabilities threats and security risks.
Ethical Hacker,Performs penetration testing and security analysis to identify and fix vulnerabilities.
Data Analyst,Analyzes business data dashboards and trends to support data driven decision making.
Business Intelligence Analyst,Transforms data into strategic business insights using visualization and analytical thinking.
Blockchain Developer,Builds decentralized applications smart contracts and blockchain based systems.
Mobile App Developer,Develops applications for smartphones focusing on performance usability and mobile experiences.
Game Developer,Creates interactive games combining creativity storytelling programming and design.
AR VR Developer,Builds augmented and virtual reality experiences blending creativity and technology.
Robotics Engineer,Designs intelligent robotic systems integrating hardware sensors and software automation.
Embedded Systems Engineer,Develops low level hardware software integration for devices and IoT systems.
Systems Architect,Designs large scale technical architectures focusing on scalability reliability and system design.
UX Designer,Researches user behavior and designs intuitive experiences focusing on empathy and usability.
UI Designer,Creates visually appealing interfaces layouts typography and design systems for digital products.
Graphic Designer,Creates visual content branding and creative communication materials.
Animator,Designs motion graphics animations and visual storytelling for media and entertainment.
Product Manager,Leads product strategy planning communication and collaboration between technical and business teams.
Project Manager,Plans coordinates teams timelines and resources to successfully deliver projects.
Business Analyst,Analyzes organizational problems and translates business needs into technical solutions.
Marketing Specialist,Designs marketing campaigns brand strategy and audience engagement initiatives.
Digital Marketing Analyst,Uses analytics SEO and online marketing strategies to improve digital presence.
Sales Manager,Leads sales strategies relationship building and business growth initiatives.
Financial Analyst,Analyzes financial data investments and economic trends to support strategic decisions.
Investment Banker,Works on financial modeling mergers acquisitions and corporate finance strategies.
Accountant,Manages financial records auditing taxation and compliance activities.
Economist,Studies markets data and economic behavior to guide financial and policy decisions.
HR Specialist,Focuses on recruitment employee engagement organizational development and people management.
Talent Acquisition Specialist,Identifies recruits and evaluates candidates to build strong organizations.
Psychologist,Studies human behavior cognition and emotional patterns to provide insights and support.
Clinical Psychologist,Provides mental health assessment therapy and psychological treatment.
Doctor,Diagnoses and treats illnesses requiring strong analytical decision making and empathy.
Biomedical Engineer,Combines engineering and healthcare to design medical technologies and devices.
Pharmacist,Manages medications healthcare counseling and pharmaceutical sciences.
Nurse,Provides patient care coordination empathy and clinical support in healthcare environments.
Public Health Analyst,Analyzes health trends policies and preventive healthcare systems.
Teacher,Educates students communicates knowledge clearly and supports learning development.
Professor,Conducts research teaches advanced concepts and contributes to academic knowledge.
Education Consultant,Designs learning strategies curriculum and educational improvement plans.
Lawyer,Analyzes legal cases regulations and provides legal representation and advisory services.
Policy Analyst,Studies policies governance and societal impact to support decision making.
Journalist,Researches investigates and communicates news stories clearly and responsibly.
Content Writer,Creates engaging informative and structured written content for various platforms.
Technical Writer,Writes technical documentation guides and manuals explaining complex topics clearly.
Content Creator,Produces digital media videos and online content with creativity and audience engagement.
Filmmaker,Creates visual storytelling projects involving direction editing and production.
Photographer,Captures visual stories using artistic creativity and technical camera skills.
Environmental Scientist,Studies environmental systems sustainability and ecological impact.
Civil Engineer,Designs infrastructure projects such as bridges roads and buildings using engineering principles.
Mechanical Engineer,Designs machines systems and mechanical solutions requiring analytical thinking.
Electrical Engineer,Develops electrical systems circuits and power solutions.
Chemical Engineer,Applies chemistry and engineering to design industrial processes and materials.
Research Scientist,Performs experiments analysis and deep investigation across scientific domains.
Astronomer,Studies celestial objects physics and space phenomena through research and data analysis.
Biotechnologist,Uses biological systems and technology to develop innovative solutions in medicine and agriculture.
Social Scientist,Studies society behavior and cultural patterns through data and research.
Database Administrator,Manages databases data storage optimization backups and data security ensuring reliability and performance.
Network Engineer,Designs configures and maintains computer networks infrastructure and connectivity systems.
Site Reliability Engineer,Ensures system reliability scalability monitoring and automation for large scale services.
QA Engineer,Tests software identifies bugs and ensures product quality through systematic validation.
Automation Engineer,Builds automated testing and deployment systems to improve efficiency and reliability.
IoT Engineer,Develops internet connected smart devices integrating sensors hardware and cloud systems.
Computer Vision Engineer,Builds AI systems that interpret images videos and visual data using deep learning.
NLP Engineer,Develops systems for language understanding text generation and conversational AI.
Data Engineer,Builds scalable data pipelines storage systems and infrastructure for data processing.
Analytics Consultant,Provides data driven insights business analytics and strategy recommendations.
Product Designer,Combines design thinking user research and technical understanding to create products.
Interaction Designer,Focuses on user interaction flow usability and intuitive digital experiences.
Brand Strategist,Builds brand identity communication strategy and long term brand positioning.
Advertising Specialist,Creates advertising campaigns audience targeting and communication strategies.
Public Relations Manager,Manages organizational communication reputation and media relationships.
Event Manager,Plans coordinates and executes events requiring organization leadership and communication skills.
Operations Manager,Oversees daily organizational operations efficiency and resource management.
Supply Chain Analyst,Optimizes logistics sourcing inventory and supply processes for businesses.
Logistics Manager,Plans transportation distribution and supply chain operations.
Entrepreneur,Builds and manages startups requiring innovation leadership and risk management.
Startup Founder,Creates new ventures combining technology business strategy and leadership.
Venture Capital Analyst,Evaluates startup investments market trends and growth opportunities.
Management Consultant,Advises organizations on strategy efficiency and business transformation.
Strategy Analyst,Analyzes markets competition and business strategy for growth.
Corporate Trainer,Develops training programs and enhances employee skills and performance.
Change Management Specialist,Helps organizations adapt to change processes and transformations.
UX Researcher,Studies user behavior through research methods to improve product experience.
Visual Designer,Creates high quality visual assets layouts and branding designs.
Fashion Designer,Designs clothing styles trends and creative fashion concepts.
Interior Designer,Designs functional aesthetic spaces balancing creativity and practicality.
Architect,Designs buildings and structures combining engineering creativity and planning.
Urban Planner,Plans city development infrastructure and sustainable urban environments.
Industrial Designer,Designs physical products focusing on usability aesthetics and manufacturing.
Audio Engineer,Works with sound recording editing mixing and audio production.
Music Producer,Creates and manages music production composition and sound design.
Video Editor,Edits video content storytelling pacing and visual narrative.
Broadcast Producer,Manages media production broadcasting and content delivery.
Sports Analyst,Analyzes sports data performance strategies and player statistics.
Fitness Trainer,Guides physical training health improvement and fitness planning.
Nutritionist,Designs dietary plans and nutrition strategies for health goals.
Physiotherapist,Helps recovery and physical rehabilitation through therapeutic exercises.
Medical Researcher,Conducts healthcare research clinical studies and biomedical innovation.
Genetic Counselor,Analyzes genetic information and advises patients on inherited conditions.
Forensic Scientist,Applies scientific analysis to criminal investigations and evidence evaluation.
Criminologist,Studies crime patterns behavior and prevention strategies.
Law Enforcement Officer,Maintains public safety investigates crimes and enforces laws.
Judge,Interprets laws and makes legal decisions in judicial processes.
Legal Consultant,Provides legal guidance compliance analysis and advisory services.
Diplomat,Represents countries in international relations negotiation and policy discussions.
International Relations Specialist,Analyzes global affairs diplomacy and geopolitical strategies.
Policy Researcher,Conducts research on governance regulations and public policy impact.
Sociologist,Studies social behavior cultural trends and societal structures.
Anthropologist,Studies human cultures evolution and social development.
Linguist,Analyzes languages communication patterns and linguistic structures.
Translator,Converts language content accurately between languages maintaining meaning.
Technical Recruiter,Finds and evaluates technical talent for organizations.
Customer Success Manager,Ensures client satisfaction product adoption and long term customer relationships.
Support Engineer,Resolves technical issues and provides product troubleshooting assistance.
Community Manager,Builds and engages online communities communication and brand interaction.
Ecommerce Specialist,Manages online stores digital sales and customer engagement strategies.
SEO Specialist,Optimizes websites content and search visibility for better traffic.
Data Privacy Officer,Ensures data protection compliance and privacy regulations.
Risk Analyst,Analyzes potential risks financial operational or strategic and suggests mitigation.
Actuary,Uses mathematics and statistics to evaluate financial risk and insurance models.
Insurance Analyst,Evaluates insurance policies risk coverage and financial planning.
Agricultural Scientist,Improves farming techniques crop production and sustainable agriculture.
Geologist,Studies earth materials geological processes and natural resources.
Meteorologist,Analyzes weather patterns climate data and forecasting systems.
Oceanographer,Studies marine environments ocean systems and aquatic ecosystems.
Space Scientist,Researches space exploration astrophysics and planetary science.
Renewable Energy Engineer,Develops sustainable energy solutions such as solar wind and green technologies.
Energy Analyst,Evaluates energy systems sustainability and efficiency improvements.
Prompt Engineer,Designs effective prompts and interaction strategies to optimize outputs from AI language models.
AI Ethics Specialist,Studies ethical implications fairness bias and responsible deployment of artificial intelligence systems.
AI Product Manager,Leads development strategy and deployment of artificial intelligence products.
Data Governance Specialist,Defines data policies quality standards and governance frameworks within organizations.
MLOps Engineer,Deploys monitors and maintains machine learning models in production environments.
Quantum Computing Researcher,Studies quantum algorithms computation and future computing technologies.
AR Experience Designer,Designs immersive augmented reality user experiences and interactions.
VR Experience Designer,Creates virtual reality environments blending storytelling and technology.
Drone Engineer,Designs autonomous drone systems navigation and aerial data processing technologies.
Aerospace Engineer,Designs aircraft spacecraft propulsion and aerospace systems.
Flight Systems Engineer,Develops onboard systems avionics and aircraft control mechanisms.
Satellite Engineer,Designs and manages satellite systems communication and space technology.
Defense Analyst,Analyzes defense strategy military technology and geopolitical security trends.
Intelligence Analyst,Studies data and information to assess risks threats and strategic insights.
Urban Mobility Planner,Designs smart transportation systems sustainable mobility and traffic solutions.
Transportation Engineer,Optimizes transport networks infrastructure and logistics efficiency.
Smart City Analyst,Develops technology driven urban solutions using data and IoT systems.
Sustainability Consultant,Advises organizations on environmental impact reduction and sustainable practices.
Climate Data Analyst,Analyzes climate trends environmental datasets and sustainability metrics.
Carbon Management Specialist,Measures and reduces organizational carbon footprints.
Renewable Energy Consultant,Advises on adoption of clean energy technologies and sustainability solutions.
Hydrologist,Studies water systems resources and environmental sustainability.
Wildlife Conservationist,Protects wildlife ecosystems biodiversity and environmental health.
Ecologist,Studies interactions between organisms and their natural environments.
Marine Biologist,Researches ocean ecosystems marine organisms and conservation strategies.
Archaeologist,Studies historical artifacts civilizations and human history through excavation.
Historian,Researches historical events cultural evolution and societal development.
Philosophy Researcher,Analyzes human thought ethics and philosophical theories.
Creative Writer,Creates stories narratives and creative literary content.
Author,Writes books fiction or non fiction content requiring creativity and storytelling.
Screenwriter,Develops scripts dialogues and stories for film television and media.
Copywriter,Writes persuasive marketing and advertising content.
Speech Writer,Creates speeches and communication content for leaders and organizations.
Political Analyst,Analyzes political systems elections public policies and governance trends.
Public Administrator,Manages government programs administration and public services.
Civil Services Officer,Implements government policies administration and social development programs.
NGO Program Manager,Manages social impact initiatives humanitarian and non profit projects.
Social Worker,Supports communities individuals and social welfare programs.
Counselor,Provides emotional guidance career advice and behavioral support.
Career Coach,Helps individuals plan career paths and professional development.
Organizational Psychologist,Studies workplace behavior productivity and employee motivation.
Behavioral Scientist,Analyzes human behavior decision making and social patterns.
User Behavior Analyst,Analyzes digital user interactions and engagement patterns.
Ecommerce Manager,Leads online sales operations digital stores and customer experience.
Retail Manager,Manages retail operations inventory staff and customer service.
Luxury Brand Manager,Develops premium brand strategies and market positioning.
Hospitality Manager,Oversees hotel restaurant or tourism services and operations.
Hotel Manager,Manages hotel operations guest experience and staff coordination.
Travel Consultant,Designs travel experiences itineraries and tourism services.
Tourism Analyst,Analyzes travel trends market demand and tourism strategies.
Chef,Creates culinary experiences recipes and manages kitchen operations.
Restaurant Manager,Supervises restaurant operations customer satisfaction and business management.
Supply Planner,Forecasts inventory demand and manages supply planning processes.
Procurement Specialist,Handles sourcing vendor management and purchasing strategies.
Manufacturing Engineer,Optimizes industrial production systems efficiency and quality.
Industrial Operations Manager,Manages manufacturing operations productivity and performance.
Quality Control Specialist,Ensures product quality through testing inspection and standards compliance.
Lean Process Engineer,Improves efficiency by reducing waste and optimizing workflows.
Automation Robotics Specialist,Designs automated industrial systems robotics and smart manufacturing.
Biomedical Data Analyst,Analyzes healthcare data clinical trends and patient outcomes.
Telemedicine Specialist,Supports remote healthcare delivery using technology platforms.
Health Informatics Specialist,Manages healthcare information systems data and digital records.
Clinical Data Manager,Oversees clinical trial data management quality and reporting.
Sports Psychologist,Applies psychology principles to improve athlete performance and mindset.
Performance Coach,Improves individual or team performance through strategy and behavioral development.
Esports Analyst,Analyzes gaming performance strategy and competitive metrics.
Digital Forensics Analyst,Investigates cyber incidents digital evidence and forensic analysis.
Fraud Analyst,Detects financial fraud patterns risk and suspicious activities.
Compliance Officer,Ensures organizations follow legal and regulatory requirements.
Contract Manager,Manages business contracts negotiations and legal obligations.
Patent Analyst,Researches patents innovation trends and intellectual property analysis.
Innovation Consultant,Helps organizations adopt innovative strategies and emerging technologies.
Design Thinking Consultant,Applies human centered design methods to solve business problems.
Startup Accelerator Manager,Supports startups mentoring funding and growth programs.
Angel Investor,Invests in early stage startups and innovation ventures.
AI Research Scientist,Conducts advanced artificial intelligence research developing new algorithms models and theoretical improvements.
Deep Learning Specialist,Designs complex neural network architectures for vision language and generative AI systems.
Generative AI Engineer,Builds systems that generate text images code and multimedia using large AI models.
Data Visualization Specialist,Transforms complex datasets into understandable visual insights dashboards and storytelling visuals.
Knowledge Engineer,Structures knowledge graphs semantic systems and intelligent reasoning frameworks.
Search Engineer,Develops search engines ranking algorithms and information retrieval systems.
Recommendation Systems Engineer,Designs personalization systems using embeddings collaborative filtering and behavioral data.
Algorithm Engineer,Focuses on designing efficient algorithms optimization and computational solutions.
Computational Scientist,Uses simulation modeling and computation to solve scientific problems.
Bioinformatics Scientist,Applies computing and data analysis to biological and genomic data.
Computational Biologist,Uses algorithms and modeling to study biological systems and genetic processes.
Neuroscience Researcher,Studies brain function cognition and neural systems through experiments and analysis.
Cognitive Scientist,Studies thinking learning memory and human intelligence across disciplines.
Human Factors Engineer,Designs systems considering human behavior safety and usability.
Ergonomics Specialist,Improves product and workplace design for safety comfort and efficiency.
Robotics AI Researcher,Develops intelligent robotics combining perception planning and control.
Autonomous Vehicle Engineer,Builds self driving vehicle systems perception and control technologies.
Simulation Engineer,Creates virtual simulations for testing engineering or scientific systems.
Digital Twin Engineer,Builds virtual replicas of physical systems for analysis monitoring and optimization.
Geospatial Analyst,Analyzes geographic data maps and spatial information systems.
GIS Specialist,Develops geographic information systems for mapping and spatial analytics.
Remote Sensing Analyst,Analyzes satellite or aerial data for environmental and geographic insights.
Mining Engineer,Designs and manages extraction of minerals resources and industrial materials.
Petroleum Engineer,Designs oil and gas extraction systems energy processes and drilling operations.
Materials Scientist,Studies materials properties and develops new materials for industrial applications.
Nanotechnology Researcher,Develops nanoscale materials devices and applications.
Textile Engineer,Designs fabrics materials and textile manufacturing processes.
Automotive Engineer,Develops vehicles systems performance and automotive technologies.
Railway Engineer,Designs railway systems infrastructure and transport solutions.
Naval Architect,Designs ships marine vehicles and ocean engineering structures.
Shipbuilding Engineer,Plans and develops marine vessels and maritime systems.
Food Technologist,Develops food products safety processes and nutritional innovations.
Agritech Specialist,Applies technology and data to improve agriculture productivity and sustainability.
Precision Agriculture Analyst,Uses sensors data and AI for optimized farming decisions.
Veterinarian,Provides medical care and treatment for animals.
Animal Behavior Specialist,Studies animal behavior welfare and training methods.
Pharmaceutical Research Scientist,Develops medicines drug testing and clinical research.
Clinical Trial Analyst,Analyzes clinical research results safety and trial effectiveness.
Medical Device Engineer,Designs and develops healthcare diagnostic and treatment devices.
Radiology Technician,Operates imaging equipment and supports medical diagnostics.
Health Policy Analyst,Studies healthcare systems policies and public health strategies.
Sports Data Scientist,Analyzes athlete performance using statistics and data analytics.
Athletic Performance Analyst,Studies training data and biomechanics to improve performance.
Fashion Technologist,Integrates technology into fashion design manufacturing and wearable innovation.
Digital Artist,Creates digital illustrations multimedia artwork and creative assets.
3D Artist,Designs 3D models assets and visual effects for games and media.
VFX Artist,Creates visual effects for film gaming and digital media content.
Motion Graphics Designer,Designs animated graphics for media branding and communication.
Podcast Producer,Creates audio shows managing recording editing and storytelling.
Media Strategist,Plans media campaigns audience targeting and digital communication strategies.
Influencer Marketing Manager,Manages collaborations with influencers brand promotion and social media strategy.
Community Growth Strategist,Grows digital communities engagement and audience loyalty.
Subscription Economy Analyst,Optimizes recurring revenue products and customer retention strategies.
Fintech Product Manager,Builds financial technology products combining finance and software innovation.
Cryptography Engineer,Designs secure encryption protocols and privacy preserving systems.
Payment Systems Analyst,Analyzes digital payment platforms transaction flows and financial technology systems.
Quantitative Analyst,Uses mathematics statistics and models to analyze financial markets.
Algorithmic Trader,Develops automated trading strategies using data and algorithms.
Risk Management Consultant,Advises organizations on identifying and mitigating strategic risks.
Treasury Analyst,Manages financial liquidity investments and organizational cash flow.
Startup Operations Manager,Builds operational systems processes and execution strategy for startups.
Growth Hacker,Applies data driven experimentation to achieve rapid user growth.
Customer Experience Strategist,Designs end to end customer journeys and satisfaction strategies.
Service Designer,Designs services processes and interactions to improve user experience.
Innovation Lab Researcher,Experiments with new technologies and prototypes for future products.
Technology Evangelist,Promotes new technologies educates communities and drives adoption.
Open Source Maintainer,Develops and manages open source software communities and contributions.
Developer Advocate,Supports developers by creating technical content tools and community engagement.
Platform Engineer,Builds internal developer platforms and scalable infrastructure solutions.
Security Researcher,Investigates vulnerabilities exploits and advanced cybersecurity threats.
Zero Trust Architect,Designs modern security architectures based on identity and verification principles.
Ethical Innovation Consultant,Advises organizations on responsible technology adoption and innovation ethics.
Digital Transformation Consultant,Helps organizations modernize processes using digital technologies.
Future Trends Analyst,Studies technological and societal trends to predict future opportunities.
Workplace Innovation Specialist,Designs new work models productivity systems and collaboration strategies.
Learning Experience Designer,Creates digital learning environments engaging educational experiences and content.
EdTech Product Manager,Builds education technology platforms tools and learning systems.
AI Safety Researcher,Studies risks alignment and safe deployment strategies for advanced artificial intelligence systems.
Explainable AI Specialist,Develops methods to make AI models transparent interpretable and trustworthy.
Human AI Interaction Designer,Designs intuitive interactions between humans and artificial intelligence systems.
Responsible AI Analyst,Evaluates fairness bias and ethical impact of machine learning systems.
Synthetic Data Engineer,Generates artificial datasets to improve AI training privacy and robustness.
Model Evaluation Engineer,Creates benchmarks metrics and testing pipelines for machine learning models.
Prompt Systems Architect,Designs scalable prompt frameworks workflows and AI interaction pipelines.
Multi Agent Systems Engineer,Builds AI systems where multiple intelligent agents collaborate and solve tasks.
AI Infrastructure Engineer,Designs hardware and software infrastructure optimized for machine learning workloads.
Knowledge Graph Engineer,Builds structured knowledge systems connecting entities relationships and semantic meaning.
Digital Ethics Consultant,Advises organizations on ethical technology development and responsible innovation.
Privacy Engineering Specialist,Designs systems that protect user privacy through secure architectures and data minimization.
Federated Learning Engineer,Develops distributed AI training methods without centralizing sensitive data.
Edge AI Engineer,Deploys machine learning models efficiently on low power edge devices.
Smart Manufacturing Engineer,Applies AI and automation to optimize industrial manufacturing processes.
Industrial IoT Specialist,Connects industrial devices sensors and analytics for intelligent operations.
Predictive Maintenance Engineer,Uses data and AI to predict equipment failures before they occur.
Digital Supply Chain Analyst,Applies analytics and AI to optimize supply chain decisions and logistics.
Climate Tech Engineer,Builds technology solutions addressing climate change and sustainability challenges.
Carbon Data Scientist,Analyzes emissions data sustainability metrics and environmental impact models.
Green Building Engineer,Designs energy efficient sustainable building systems.
Sustainable Product Designer,Creates environmentally responsible products balancing usability and sustainability.
Space Systems Analyst,Analyzes performance and mission planning for space technology systems.
Astrodynamics Engineer,Studies orbital mechanics spacecraft navigation and mission trajectories.
Human Performance Researcher,Studies cognitive and physical performance optimization using data.
Learning Analytics Specialist,Analyzes student learning behavior data to improve educational outcomes.
Digital Learning Scientist,Applies psychology and data science to optimize online learning systems.
Behavioral Data Scientist,Uses behavioral science and analytics to model human decisions.
Computational Economist,Uses algorithms and simulations to study economic systems.
Digital Policy Advisor,Advises governments on technology regulation privacy and digital governance.
Cyber Threat Intelligence Analyst,Analyzes cyber attack patterns and global security threats.
Security Automation Engineer,Builds automated response systems for cybersecurity incidents.
Incident Response Specialist,Handles real time cyber incidents containment and recovery.
Fraud Detection Data Scientist,Builds machine learning systems for financial fraud detection.
Digital Risk Consultant,Advises organizations on risks related to digital transformation.
Fintech Data Scientist,Applies machine learning and analytics to financial technologies and products.
Algorithmic Risk Analyst,Analyzes algorithmic systems for financial and operational risk.
Virtual Economy Analyst,Studies digital economies gaming economies and online marketplaces.
Creator Economy Strategist,Helps creators monetize content and build digital businesses.
Digital Product Strategist,Defines product vision growth and market positioning for digital products.
Platform Growth Analyst,Uses analytics experiments and insights to grow digital platforms.
AI Education Specialist,Teaches and designs AI learning programs for students and professionals.
Future Skills Consultant,Analyzes emerging skills trends and workforce transformation needs.
Workforce Analytics Specialist,Uses data to understand employee productivity hiring and retention patterns.
Organizational Data Scientist,Applies analytics to improve organizational performance and strategy.
Digital Wellbeing Researcher,Studies technology use mental health and healthy digital habits.